Metric,Value
Loss,6.110418796539307
Accuracy,0.011111111380159855
